{
    "brand": "Apple",
    "models": [
        {
            "model_name": "Apple Iphone 16 Pro Max"
        },
        {
            "model_name": "Apple Iphone 16 Pro"
        },
        {
            "model_name": "Apple Iphone 16 Plus"
        },
        {
            "model_name": "Apple Iphone 16"
        },
        {
            "model_name": "Apple Watch Series 10"
        },
        {
            "model_name": "Apple Watch Series 10 Aluminum"
        },
        {
            "model_name": "Apple Ipad Pro 13 (2024)"
        },
        {
            "model_name": "Apple Ipad Pro 11 (2024)"
        },
        {
            "model_name": "Apple Ipad Air 13 (2024)"
        },
        {
            "model_name": "Apple Ipad Air 11 (2024)"
        },
        {
            "model_name": "Apple Iphone 15 Pro Max"
        },
        {
            "model_name": "Apple Iphone 15 Pro"
        },
        {
            "model_name": "Apple Iphone 15 Plus"
        },
        {
            "model_name": "Apple Iphone 15"
        },
        {
            "model_name": "Apple Watch Ultra 2"
        },
        {
            "model_name": "Apple Watch Series 9"
        },
        {
            "model_name": "Apple Watch Series 9 Aluminum"
        },
        {
            "model_name": "Apple Ipad Pro 12 9 (2022)"
        },
        {
            "model_name": "Apple Ipad Pro 11 (2022)"
        },
        {
            "model_name": "Apple Ipad (2022)"
        },
        {
            "model_name": "Apple Iphone 14 Pro Max"
        },
        {
            "model_name": "Apple Iphone 14 Pro"
        },
        {
            "model_name": "Apple Iphone 14 Plus"
        },
        {
            "model_name": "Apple Iphone 14"
        },
        {
            "model_name": "Apple Watch Ultra"
        },
        {
            "model_name": "Apple Watch Series 8"
        },
        {
            "model_name": "Apple Watch Series 8 Aluminum"
        },
        {
            "model_name": "Apple Watch Se (2022)"
        },
        {
            "model_name": "Apple Iphone Se (2022)"
        },
        {
            "model_name": "Apple Ipad Air (2022)"
        },
        {
            "model_name": "Apple Iphone 13 Pro Max"
        },
        {
            "model_name": "Apple Iphone 13 Pro"
        },
        {
            "model_name": "Apple Iphone 13"
        },
        {
            "model_name": "Apple Iphone 13 Mini"
        },
        {
            "model_name": "Apple Ipad Mini (2021)"
        },
        {
            "model_name": "Apple Ipad 10 2 (2021)"
        },
        {
            "model_name": "Apple Watch Edition Series 7"
        },
        {
            "model_name": "Apple Watch Series 7"
        },
        {
            "model_name": "Apple Watch Series 7 Aluminum"
        },
        {
            "model_name": "Apple Ipad Pro 12 9 (2021)"
        },
        {
            "model_name": "Apple Ipad Pro 11 (2021)"
        },
        {
            "model_name": "Apple Iphone 12 Pro Max"
        },
        {
            "model_name": "Apple Iphone 12 Pro"
        },  
        {
            "model_name": "Apple Iphone 12"
        },
        {
            "model_name": "Apple Iphone 12 Mini"
        },
        {
            "model_name": "Apple Ipad Air (2020)"
        },
        {
            "model_name": "Apple Ipad 10 2 (2020)"
        },
        {
            "model_name": "Apple Watch Se"
        },
        {
            "model_name": "Apple Watch Series 6 Aluminum"
        },
        {
            "model_name": "Apple Watch Series 6"
        },
        {
            "model_name": "Apple Watch Edition Series 6"
        },
        {
            "model_name": "Apple Iphone Se (2020)"
        },
        {
            "model_name": "Apple Ipad Pro 12 9 (2020)"
        },
        {
            "model_name": "Apple Ipad Pro 11 (2020)"
        },
        {
            "model_name": "Apple Iphone 11 Pro Max"
        },
        {
            "model_name": "Apple Iphone 11 Pro"
        },
        {
            "model_name": "Apple Iphone 11"
        },
        {
            "model_name": "Apple Ipad 10 2 (2019)"
        },
        {
            "model_name": "Apple Watch Edition Series 5"
        },
        {
            "model_name": "Apple Watch Series 5"
        },
        {
            "model_name": "Apple Watch Series 5 Aluminum"
        },
        {
            "model_name": "Apple Ipad Air (2019)"
        },
        {
            "model_name": "Apple Ipad Mini (2019)"
        },
        {
            "model_name": "Apple Ipad Pro 12 9 (2018)"
        },
        {
            "model_name": "Apple Ipad Pro 11 (2018)"
        },
        {
            "model_name": "Apple Iphone Xs Max"
        },
        {
            "model_name": "Apple Iphone Xs"
        },
        {
            "model_name": "Apple Iphone Xr"
        },
        {
            "model_name": "Apple Watch Series 4"
        },
        {
            "model_name": "Apple Watch Series 4 Aluminum"
        },
        {
            "model_name": "Apple Ipad 9 7 (2018)"
        },
        {
            "model_name": "Apple Iphone X"
        },
        {
            "model_name": "Apple Iphone 8 Plus"
        },
        {
            "model_name": "Apple Iphone 8"
        },
        {
            "model_name": "Apple Watch Edition Series 3"
        },
        {
            "model_name": "Apple Watch Series 3"
        },
        {
            "model_name": "Apple Watch Series 3 Aluminum"
        },
        {
            "model_name": "Apple Ipad Pro 12 9 (2017)"
        },
        {
            "model_name": "Apple Ipad Pro 10 5 (2017)"
        },
        {
            "model_name": "Apple Ipad 9 7 (2017)"
        },
        {
            "model_name": "Apple Watch Edition Series 2 42Mm"
        },
        {
            "model_name": "Apple Watch Edition Series 2 38Mm"
        },
        {
            "model_name": "Apple Watch Series 2 42Mm"
        },
        {
            "model_name": "Apple Watch Series 2 38Mm"
        },
        {
            "model_name": "Apple Watch Series 2 Aluminum 42Mm"
        },
        {
            "model_name": "Apple Watch Series 1 Aluminum 42Mm"
        },
        {
            "model_name": "Apple Watch Series 2 Aluminum 38Mm"
        },
        {
            "model_name": "Apple Watch Series 1 Aluminum 38Mm"
        },
        {
            "model_name": "Apple Iphone 7 Plus"
        },
        {
            "model_name": "Apple Iphone 7"
        },
        {
            "model_name": "Apple Ipad Pro 9 7 (2016)"
        },
        {
            "model_name": "Apple Iphone Se"
        },
        {
            "model_name": "Apple Iphone 6S Plus"
        },
        {
            "model_name": "Apple Iphone 6S"
        },
        {
            "model_name": "Apple Ipad Pro 12 9 (2015)"
        },
        {
            "model_name": "Apple Ipad Mini 4 (2015)"
        },
        {
            "model_name": "Apple Watch Edition 42Mm (1St Gen)"
        },
        {
            "model_name": "Apple Watch Edition 38Mm (1St Gen)"
        },
        {
            "model_name": "Apple Watch 42Mm (1St Gen)"
        },
        {
            "model_name": "Apple Watch 38Mm (1St Gen)"
        },
        {
            "model_name": "Apple Watch Sport 42Mm (1St Gen)"
        },
        {
            "model_name": "Apple Watch Sport 38Mm (1St Gen)"
        },
        {
            "model_name": "Apple Ipad Air 2"
        },
        {
            "model_name": "Apple Ipad Mini 3"
        },
        {
            "model_name": "Apple Iphone 6 Plus"
        },
        {
            "model_name": "Apple Iphone 6"
        },
        {
            "model_name": "Apple Ipad Air"
        },
        {
            "model_name": "Apple Ipad Mini 2"
        },
        {
            "model_name": "Apple Iphone 5S"
        },
        {
            "model_name": "Apple Iphone 5C"
        },
        {
            "model_name": "Apple Ipad Mini Wi Fi"
        },
        {
            "model_name": "Apple Ipad Mini Wi Fi  Plus Cellular"
        },
        {
            "model_name": "Apple Ipad 4 Wi Fi"
        },
        {
            "model_name": "Apple Ipad 4 Wi Fi  Plus Cellular"
        },
        {
            "model_name": "Apple Iphone 5"
        },
        {
            "model_name": "Apple Ipad 3 Wi Fi  Plus Cellular"
        },
        {
            "model_name": "Apple Ipad 3 Wi Fi"
        },
        {
            "model_name": "Apple Iphone 4S"
        },
        {
            "model_name": "Apple Ipad 2 Wi Fi  Plus 3G"
        },
        {
            "model_name": "Apple Ipad 2 Wi Fi"
        },
        {
            "model_name": "Apple Ipad 2 Cdma"
        },
        {
            "model_name": "Apple Iphone 4"
        },
        {
            "model_name": "Apple Iphone 4 Cdma"
        },
        {
            "model_name": "Apple Ipad Wi Fi  Plus 3G"
        },
        {
            "model_name": "Apple Ipad Wi Fi"
        },
        {
            "model_name": "Apple Iphone 3Gs"
        },
        {
            "model_name": "Apple Iphone 3G"
        },
        {
            "model_name": "Apple Iphone"
        }
    ]
}