{
    "brand": "Infinix",
    "models": [
        {
            "model_name": "Infinix Hot 50"
        },
        {
            "model_name": "Infinix Zero 40"
        },
        {
            "model_name": "Infinix Zero 40 4G"
        },
        {
            "model_name": "Infinix Xpad"
        },
        {
            "model_name": "Infinix Note 40X 5G"
        },
        {
            "model_name": "Infinix Note 40 5G"
        },
        {
            "model_name": "Infinix Gt 20 Pro"
        },
        {
            "model_name": "Infinix Note 40 Pro Plus"
        },
        {
            "model_name": "Infinix Note 40 Pro"
        },
        {
            "model_name": "Infinix Note 40 Pro 4G"
        },
        {
            "model_name": "Infinix Note 40"
        },
        {
            "model_name": "Infinix Smart 8 Plus"
        },
        {
            "model_name": "Infinix Smart 8 Pro"
        },
        {
            "model_name": "Infinix Smart 8 (India)"
        },
        {
            "model_name": "Infinix Smart 8 Hd"
        },
        {
            "model_name": "Infinix Hot 40 Pro"
        },
        {
            "model_name": "Infinix Hot 40"
        },
        {
            "model_name": "Infinix Hot 40I"
        },
        {
            "model_name": "Infinix Smart 8"
        },
        {
            "model_name": "Infinix Zero 30 4G"
        },
        {
            "model_name": "Infinix Zero 30"
        },
        {
            "model_name": "Infinix Gt 10 Pro"
        },
        {
            "model_name": "Infinix Hot 30 5G"
        },
        {
            "model_name": "Infinix Note 30 Vip"
        },
        {
            "model_name": "Infinix Hot 30 Play Nfc"
        },
        {
            "model_name": "Infinix Note 30 Pro"
        },
        {
            "model_name": "Infinix Note 30"
        },
        {
            "model_name": "Infinix Note 30 5G"
        },
        {
            "model_name": "Infinix Note 30I"
        },
        {
            "model_name": "Infinix Smart 7 Hd"
        },
        {
            "model_name": "Infinix Hot 30I"
        },
        {
            "model_name": "Infinix Hot 30"
        },
        {
            "model_name": "Infinix Smart 7 (India)"
        },
        {
            "model_name": "Infinix Smart 7"
        },
        {
            "model_name": "Infinix Zero 5G 2023"
        },
        {
            "model_name": "Infinix Hot 20 Play"
        },
        {
            "model_name": "Infinix Hot 20S"
        },
        {
            "model_name": "Infinix Hot 20"
        },
        {
            "model_name": "Infinix Note 12 (2023)"
        },
        {
            "model_name": "Infinix Zero Ultra"
        },
        {
            "model_name": "Infinix Hot 20 5G"
        },
        {
            "model_name": "Infinix Hot 20I"
        },
        {
            "model_name": "Infinix Zero 20"
        },
        {
            "model_name": "Infinix Note 12I 2022"
        },
        {
            "model_name": "Infinix Hot 12 Pro"
        },
        {
            "model_name": "Infinix Smart 6 Plus (India)"
        },
        {
            "model_name": "Infinix Note 12 Pro"
        },
        {
            "model_name": "Infinix Note 12 Pro 5G"
        },
        {
            "model_name": "Infinix Note 12 5G"
        },
        {
            "model_name": "Infinix Hot 11S Nfc"
        },
        {
            "model_name": "Infinix Hot 12 Play"
        },
        {
            "model_name": "Infinix Hot 12 Play Nfc"
        },
        {
            "model_name": "Infinix Note 12 Vip"
        },
        {
            "model_name": "Infinix Note 12 G96"
        },
        {
            "model_name": "Infinix Note 12I"
        },
        {
            "model_name": "Infinix Note 12"
        },
        {
            "model_name": "Infinix Hot 12"
        },
        {
            "model_name": "Infinix Smart 6 Hd"
        },
        {
            "model_name": "Infinix Hot 11 2022"
        },
        {
            "model_name": "Infinix Hot 12I"
        },
        {
            "model_name": "Infinix Zero 5G"
        },
        {
            "model_name": "Infinix Smart 5 Pro"
        },
        {
            "model_name": "Infinix Hot 11 Play"
        },
        {
            "model_name": "Infinix Note 11I"
        },
        {
            "model_name": "Infinix Note 11S"
        },
        {
            "model_name": "Infinix Note 11"
        },
        {
            "model_name": "Infinix Smart 6"
        },
        {
            "model_name": "Infinix Note 11 Pro"
        },
        {
            "model_name": "Infinix Hot 11S"
        },
        {
            "model_name": "Infinix Hot 11"
        },
        {
            "model_name": "Infinix Zero X Pro"
        },
        {
            "model_name": "Infinix Zero X"
        },
        {
            "model_name": "Infinix Zero X Neo"
        },
        {
            "model_name": "Infinix Hot 10I"
        },
        {
            "model_name": "Infinix Note 10 Pro Nfc"
        },
        {
            "model_name": "Infinix Note 10 Pro"
        },
        {
            "model_name": "Infinix Note 10"
        },
        {
            "model_name": "Infinix Hot 10T"
        },
        {
            "model_name": "Infinix Hot 10S Nfc"
        },
        {
            "model_name": "Infinix Hot 10S"
        },
        {
            "model_name": "Infinix Smart 5 (India)"
        },
        {
            "model_name": "Infinix Hot 10 Play"
        },
        {
            "model_name": "Infinix Smart Hd 2021"
        },
        {
            "model_name": "Infinix Zero 8I"
        },
        {
            "model_name": "Infinix Note 8"
        },
        {
            "model_name": "Infinix Note 8I"
        },
        {
            "model_name": "Infinix Hot 10 Lite"
        },
        {
            "model_name": "Infinix Hot 10"
        },
        {
            "model_name": "Infinix Zero 8"
        },
        {
            "model_name": "Infinix Smart 5"
        },
        {
            "model_name": "Infinix Hot 9 Play"
        },
        {
            "model_name": "Infinix Note 7"
        },
        {
            "model_name": "Infinix Note 7 Lite"
        },
        {
            "model_name": "Infinix Hot 9 Pro"
        },
        {
            "model_name": "Infinix Hot 9"
        },
        {
            "model_name": "Infinix S5 Pro (16 Plus32)"
        },
        {
            "model_name": "Infinix S5 Pro (48 Plus40)"
        },
        {
            "model_name": "Infinix S5 Pro"
        },
        {
            "model_name": "Infinix S5 Lite"
        },
        {
            "model_name": "Infinix Smart 4"
        },
        {
            "model_name": "Infinix Smart 4C"
        },
        {
            "model_name": "Infinix Hot 8 Lite"
        },
        {
            "model_name": "Infinix S5"
        },
        {
            "model_name": "Infinix Hot 8"
        },
        {
            "model_name": "Infinix Note 6"
        },
        {
            "model_name": "Infinix Smart3 Plus"
        },
        {
            "model_name": "Infinix S4"
        },
        {
            "model_name": "Infinix Hot 7 Pro"
        },
        {
            "model_name": "Infinix Hot 7"
        },
        {
            "model_name": "Infinix Zero 6 Pro"
        },
        {
            "model_name": "Infinix Zero 6"
        },
        {
            "model_name": "Infinix Smart 2 Hd"
        },
        {
            "model_name": "Infinix Hot 6X"
        },
        {
            "model_name": "Infinix Note 5 Stylus"
        },
        {
            "model_name": "Infinix S3X"
        },
        {
            "model_name": "Infinix Hot 6"
        },
        {
            "model_name": "Infinix Note 5"
        },
        {
            "model_name": "Infinix Smart 2 Pro"
        },
        {
            "model_name": "Infinix Smart 2"
        },
        {
            "model_name": "Infinix Hot 6 Pro"
        },
        {
            "model_name": "Infinix Hot S3"
        },
        {
            "model_name": "Infinix Zero 5 Pro"
        },
        {
            "model_name": "Infinix Zero 5"
        },
        {
            "model_name": "Infinix Hot 5 Lite"
        },
        {
            "model_name": "Infinix Hot 5"
        },
        {
            "model_name": "Infinix Note 4 Pro"
        },
        {
            "model_name": "Infinix Note 4"
        },
        {
            "model_name": "Infinix Smart"
        },
        {
            "model_name": "Infinix Zero 4 Plus"
        },
        {
            "model_name": "Infinix Zero 4"
        },
        {
            "model_name": "Infinix S2 Pro"
        },
        {
            "model_name": "Infinix Hot 4 Pro"
        },
        {
            "model_name": "Infinix Hot 4"
        },
        {
            "model_name": "Infinix Note 3 Pro"
        },
        {
            "model_name": "Infinix Note 3"
        },
        {
            "model_name": "Infinix Hot S"
        }
    ]
}