{
    "brand": "Itel",
    "models": [
        {
            "model_name": "Itel Vistatab 30"
        },
        {
            "model_name": "Itel A80"
        },
        {
            "model_name": "Itel A50C"
        },
        {
            "model_name": "Itel P65"
        },
        {
            "model_name": "Itel A50"
        },
        {
            "model_name": "Itel Rs4"
        },
        {
            "model_name": "Itel S24"
        },
        {
            "model_name": "Itel P55 Plus"
        },
        {
            "model_name": "Itel P55"
        },
        {
            "model_name": "Itel A70"
        },
        {
            "model_name": "Itel P55 5G"
        },
        {
            "model_name": "Itel S23 Plus"
        },
        {
            "model_name": "Itel S23"
        },
        {
            "model_name": "Itel S18 Pro"
        },
        {
            "model_name": "Itel P40 Plus"
        },
        {
            "model_name": "Itel Pad One"
        },
        {
            "model_name": "Itel Smartwatch 2Es"
        },
        {
            "model_name": "Itel Smart Watch 2"
        },
        {
            "model_name": "Itel P40"
        },
        {
            "model_name": "Itel A60S"
        },
        {
            "model_name": "Itel A05S"
        },
        {
            "model_name": "Itel S18"
        },
        {
            "model_name": "Itel P38 Pro"
        },
        {
            "model_name": "Itel P38"
        },
        {
            "model_name": "Itel A60"
        },
        {
            "model_name": "Itel A04"
        },
        {
            "model_name": "Itel Vision 3 Turbo"
        },
        {
            "model_name": "Itel Vision 3"
        },
        {
            "model_name": "Itel A23S"
        },
        {
            "model_name": "Itel A27"
        },
        {
            "model_name": "Itel A49"
        },
        {
            "model_name": "Itel A48"
        },
        {
            "model_name": "Itel Vision 2S"
        },
        {
            "model_name": "Itel A23 Pro"
        },
        {
            "model_name": "Itel Vision 2"
        },
        {
            "model_name": "Itel A25"
        },
        {
            "model_name": "Itel Smartwatch 1Gs"
        },
        {
            "model_name": "Itel Smartwatch 1Es"
        },
        {
            "model_name": "Itel Smart Watch 1"
        }
    ]
}