{
    "brand": "Oneplus",
    "models": [
        {
            "model_name": "Oneplus Nord 4"
        },
        {
            "model_name": "Oneplus Pad 2"
        },
        {
            "model_name": "Oneplus Watch 2R"
        },
        {
            "model_name": "Oneplus Ace 3 Pro"
        },
        {
            "model_name": "Oneplus Pad Pro"
        },
        {
            "model_name": "Oneplus Watch 2 (Esim)"
        },
        {
            "model_name": "Oneplus Nord Ce4 Lite"
        },
        {
            "model_name": "Oneplus Nord Ce4 Lite (India)"
        },
        {
            "model_name": "Oneplus Ace 3V"
        },
        {
            "model_name": "Oneplus Nord Ce4"
        },
        {
            "model_name": "Oneplus Watch 2"
        },
        {
            "model_name": "Oneplus Nord N30 Se"
        },
        {
            "model_name": "Oneplus 12R"
        },
        {
            "model_name": "Oneplus 12"
        },
        {
            "model_name": "Oneplus Ace 3"
        },
        {
            "model_name": "Oneplus Open"
        },
        {
            "model_name": "Oneplus Pad Go"
        },
        {
            "model_name": "Oneplus Ace 2 Pro"
        },
        {
            "model_name": "Oneplus Nord Ce3"
        },
        {
            "model_name": "Oneplus Nord 3"
        },
        {
            "model_name": "Oneplus Nord N30"
        },
        {
            "model_name": "Oneplus Nord Ce 3 Lite"
        },
        {
            "model_name": "Oneplus Ace 2V"
        },
        {
            "model_name": "Oneplus Pad"
        },
        {
            "model_name": "Oneplus 11R"
        },
        {
            "model_name": "Oneplus Ace 2"
        },
        {
            "model_name": "Oneplus 11"
        },
        {
            "model_name": "Oneplus Nord N300"
        },
        {
            "model_name": "Oneplus Nord Watch"
        },
        {
            "model_name": "Oneplus Ace Pro"
        },
        {
            "model_name": "Oneplus Nord N20 Se"
        },
        {
            "model_name": "Oneplus 10T"
        },
        {
            "model_name": "Oneplus Nord 2T"
        },
        {
            "model_name": "Oneplus Ace Racing"
        },
        {
            "model_name": "Oneplus Nord N20 5G"
        },
        {
            "model_name": "Oneplus 10R 150W"
        },
        {
            "model_name": "Oneplus 10R"
        },
        {
            "model_name": "Oneplus Nord Ce 2 Lite 5G"
        },
        {
            "model_name": "Oneplus Ace"
        },
        {
            "model_name": "Oneplus 10 Pro"
        },
        {
            "model_name": "Oneplus Nord Ce 2 5G"
        },
        {
            "model_name": "Oneplus 9Rt 5G"
        },
        {
            "model_name": "Oneplus Nord 2 5G"
        },
        {
            "model_name": "Oneplus Nord N200 5G"
        },
        {
            "model_name": "Oneplus Nord Ce 5G"
        },
        {
            "model_name": "Oneplus 9 Pro"
        },
        {
            "model_name": "Oneplus 9"
        },
        {
            "model_name": "Oneplus 9R"
        },
        {
            "model_name": "Oneplus Watch"
        },
        {
            "model_name": "Oneplus Nord N10 5G"
        },
        {
            "model_name": "Oneplus Nord N100"
        },
        {
            "model_name": "Oneplus 8T"
        },
        {
            "model_name": "Oneplus 8T Plus 5G"
        },
        {
            "model_name": "Oneplus Nord"
        },
        {
            "model_name": "Oneplus 8 Pro"
        },
        {
            "model_name": "Oneplus 8"
        },
        {
            "model_name": "Oneplus 8 5G Uw (Verizon)"
        },
        {
            "model_name": "Oneplus 8 5G (T Mobile)"
        },
        {
            "model_name": "Oneplus 7T Pro 5G Mclaren"
        },
        {
            "model_name": "Oneplus 7T Pro"
        },
        {
            "model_name": "Oneplus 7T"
        },
        {
            "model_name": "Oneplus 7 Pro 5G"
        },
        {
            "model_name": "Oneplus 7 Pro"
        },
        {
            "model_name": "Oneplus 7"
        },
        {
            "model_name": "Oneplus 6T Mclaren"
        },
        {
            "model_name": "Oneplus 6T"
        },
        {
            "model_name": "Oneplus 6"
        },
        {
            "model_name": "Oneplus 5T"
        },
        {
            "model_name": "Oneplus 5"
        },
        {
            "model_name": "Oneplus 3T"
        },
        {
            "model_name": "Oneplus 3"
        },
        {
            "model_name": "Oneplus X"
        },
        {
            "model_name": "Oneplus 2"
        },
        {
            "model_name": "Oneplus One"
        },
        {
            "model_name": "Oneplus V Fold"
        },
        {
            "model_name": "Oneplus Nord 2 Lite"
        },
        {
            "model_name": "Oneplus 9E"
        }
    ]
}