{
    "brand": "Sharp",
    "models": [
        {
            "model_name": "Sharp Aquos Sense8"
        },
        {
            "model_name": "Sharp Aquos R8S"
        },
        {
            "model_name": "Sharp Aquos R8S Pro"
        },
        {
            "model_name": "Sharp Aquos R7S"
        },
        {
            "model_name": "Sharp Aquos V7 Plus"
        },
        {
            "model_name": "Sharp Aquos Sense7 Plus"
        },
        {
            "model_name": "Sharp Aquos Sense7"
        },
        {
            "model_name": "Sharp Aquos V6 Plus"
        },
        {
            "model_name": "Sharp Aquos V6"
        },
        {
            "model_name": "Sharp Aquos Wish"
        },
        {
            "model_name": "Sharp Aquos Zero6"
        },
        {
            "model_name": "Sharp Aquos Sense5G"
        },
        {
            "model_name": "Sharp Aquos Sense4 Plus"
        },
        {
            "model_name": "Sharp Aquos Zero 2"
        },
        {
            "model_name": "Sharp Aquos R5G"
        },
        {
            "model_name": "Sharp Aquos V"
        },
        {
            "model_name": "Sharp Aquos R3"
        },
        {
            "model_name": "Sharp Aquos Zero"
        },
        {
            "model_name": "Sharp Aquos R2 Compact"
        },
        {
            "model_name": "Sharp Aquos D10"
        },
        {
            "model_name": "Sharp Aquos B10"
        },
        {
            "model_name": "Sharp Aquos C10"
        },
        {
            "model_name": "Sharp Aquos S3 High"
        },
        {
            "model_name": "Sharp Aquos R2"
        },
        {
            "model_name": "Sharp Aquos S3"
        },
        {
            "model_name": "Sharp Aquos S3 Mini"
        },
        {
            "model_name": "Sharp Pi"
        },
        {
            "model_name": "Sharp R1S"
        },
        {
            "model_name": "Sharp Aquos S2"
        },
        {
            "model_name": "Sharp Z3"
        },
        {
            "model_name": "Sharp Z2"
        },
        {
            "model_name": "Sharp Ms1"
        },
        {
            "model_name": "Sharp Aquos Xx"
        },
        {
            "model_name": "Sharp Aquos Crystal 2"
        },
        {
            "model_name": "Sharp Aquos Crystal"
        },
        {
            "model_name": "Sharp Sh530U"
        },
        {
            "model_name": "Sharp Se 02"
        },
        {
            "model_name": "Sharp Aquos Sh80F"
        },
        {
            "model_name": "Sharp Aquos Sh8298U"
        },
        {
            "model_name": "Sharp Fx"
        },
        {
            "model_name": "Sharp Aquos  941Sh"
        },
        {
            "model_name": "Sharp 940Sh"
        },
        {
            "model_name": "Sharp 936Sh"
        },
        {
            "model_name": "Sharp 934Sh"
        },
        {
            "model_name": "Sharp 930Sh"
        },
        {
            "model_name": "Sharp 923Sh"
        },
        {
            "model_name": "Sharp 825Sh"
        },
        {
            "model_name": "Sharp Sx862"
        },
        {
            "model_name": "Sharp Gx18"
        },
        {
            "model_name": "Sharp 880Sh"
        },
        {
            "model_name": "Sharp Gx34"
        },
        {
            "model_name": "Sharp Gx33"
        },
        {
            "model_name": "Sharp 705Sh"
        },
        {
            "model_name": "Sharp 904"
        },
        {
            "model_name": "Sharp 770Sh"
        },
        {
            "model_name": "Sharp 550Sh"
        },
        {
            "model_name": "Sharp Gx29"
        },
        {
            "model_name": "Sharp 903"
        },
        {
            "model_name": "Sharp 703"
        },
        {
            "model_name": "Sharp Gx17"
        },
        {
            "model_name": "Sharp Gx40"
        },
        {
            "model_name": "Sharp 902"
        },
        {
            "model_name": "Sharp 802"
        },
        {
            "model_name": "Sharp Tm200"
        },
        {
            "model_name": "Sharp Gx25 Gz200"
        },
        {
            "model_name": "Sharp Tm150"
        },
        {
            "model_name": "Sharp Tm100"
        },
        {
            "model_name": "Sharp V801Sh"
        },
        {
            "model_name": "Sharp Gx30"
        },
        {
            "model_name": "Sharp Gx15 Gz100"
        },
        {
            "model_name": "Sharp Gx22"
        },
        {
            "model_name": "Sharp Gx20"
        },
        {
            "model_name": "Sharp Gx10I"
        },
        {
            "model_name": "Sharp Gx10"
        },
        {
            "model_name": "Sharp Gx1"
        }
    ]
}