{
    "brand": "Xiaomi",
    "models": [
        {
            "model_name": "Xiaomi Redmi 14R"
        },
        {
            "model_name": "Xiaomi Redmi 14C"
        },
        {
            "model_name": "Xiaomi Redmi Watch 5 Active"
        },
        {
            "model_name": "Xiaomi Poco Pad 5G"
        },
        {
            "model_name": "Xiaomi Poco M6 Plus"
        },
        {
            "model_name": "Xiaomi Redmi Pad Se 8 7"
        },
        {
            "model_name": "Xiaomi Mix Flip"
        },
        {
            "model_name": "Xiaomi Redmi K70 Ultra"
        },
        {
            "model_name": "Xiaomi Mix Fold 4"
        },
        {
            "model_name": "Xiaomi Watch S4 Sport"
        },
        {
            "model_name": "Xiaomi Redmi 13 5G"
        },
        {
            "model_name": "Xiaomi Poco M6 4G"
        },
        {
            "model_name": "Xiaomi 14 Civi"
        },
        {
            "model_name": "Xiaomi Redmi 13"
        },
        {
            "model_name": "Xiaomi Redmi Pad Pro 5G"
        },
        {
            "model_name": "Xiaomi Redmi A3X"
        },
        {
            "model_name": "Xiaomi Poco F6 Pro"
        },
        {
            "model_name": "Xiaomi Poco F6"
        },
        {
            "model_name": "Xiaomi Poco Pad"
        },
        {
            "model_name": "Xiaomi Redmi Note 13R"
        },
        {
            "model_name": "Xiaomi Redmi Pad Pro"
        },
        {
            "model_name": "Xiaomi Redmi Turbo 3"
        },
        {
            "model_name": "Xiaomi Poco C61"
        },
        {
            "model_name": "Xiaomi Civi 4 Pro"
        },
        {
            "model_name": "Xiaomi Poco X6 Neo"
        },
        {
            "model_name": "Xiaomi 14"
        },
        {
            "model_name": "Xiaomi 14 Ultra"
        },
        {
            "model_name": "Xiaomi Pad 6S Pro 12 4"
        },
        {
            "model_name": "Xiaomi Watch 2"
        },
        {
            "model_name": "Xiaomi Watch S3"
        },
        {
            "model_name": "Xiaomi Redmi A3"
        },
        {
            "model_name": "Xiaomi Redmi Note 13 Pro 4G"
        },
        {
            "model_name": "Xiaomi Redmi Note 13 4G"
        },
        {
            "model_name": "Xiaomi Redmi Note 13 Pro Plus"
        },
        {
            "model_name": "Xiaomi Redmi Note 13 Pro"
        },
        {
            "model_name": "Xiaomi Redmi Note 13"
        },
        {
            "model_name": "Xiaomi Poco X6 Pro"
        },
        {
            "model_name": "Xiaomi Poco X6"
        },
        {
            "model_name": "Xiaomi Poco M6 Pro"
        },
        {
            "model_name": "Xiaomi Poco M6"
        },
        {
            "model_name": "Xiaomi Redmi 13R"
        },
        {
            "model_name": "Xiaomi Redmi 13C 5G"
        },
        {
            "model_name": "Xiaomi Redmi K70 Pro"
        },
        {
            "model_name": "Xiaomi Redmi K70"
        },
        {
            "model_name": "Xiaomi Redmi K70E"
        },
        {
            "model_name": "Xiaomi Redmi Watch 4"
        },
        {
            "model_name": "Xiaomi Redmi Note 13R Pro"
        },
        {
            "model_name": "Xiaomi Redmi 13C"
        },
        {
            "model_name": "Xiaomi Poco C65"
        },
        {
            "model_name": "Xiaomi 14 Pro"
        },
        {
            "model_name": "Xiaomi 13T Pro"
        },
        {
            "model_name": "Xiaomi 13T"
        },
        {
            "model_name": "Xiaomi Watch 2 Pro"
        },
        {
            "model_name": "Xiaomi Redmi Note 13 (China)"
        },
        {
            "model_name": "Xiaomi Redmi Pad Se"
        },
        {
            "model_name": "Xiaomi Redmi K60 Ultra"
        },
        {
            "model_name": "Xiaomi Mix Fold 3"
        },
        {
            "model_name": "Xiaomi Pad 6 Max 14"
        },
        {
            "model_name": "Xiaomi Poco M6 Pro 5G"
        },
        {
            "model_name": "Xiaomi Redmi Watch 3 Active"
        },
        {
            "model_name": "Xiaomi Redmi 12 5G"
        },
        {
            "model_name": "Xiaomi Redmi Note 12R"
        },
        {
            "model_name": "Xiaomi Redmi Note 12R Pro"
        },
        {
            "model_name": "Xiaomi Redmi 12"
        },
        {
            "model_name": "Xiaomi Redmi Note 12T Pro"
        },
        {
            "model_name": "Xiaomi Civi 3"
        },
        {
            "model_name": "Xiaomi Poco F5 Pro"
        },
        {
            "model_name": "Xiaomi Poco F5"
        },
        {
            "model_name": "Xiaomi 13 Ultra"
        },
        {
            "model_name": "Xiaomi Pad 6 Pro"
        },
        {
            "model_name": "Xiaomi Pad 6"
        },
        {
            "model_name": "Xiaomi Poco C51"
        },
        {
            "model_name": "Xiaomi Redmi Note 12S"
        },
        {
            "model_name": "Xiaomi Redmi Note 12 Pro 4G"
        },
        {
            "model_name": "Xiaomi Redmi Note 12 Turbo"
        },
        {
            "model_name": "Xiaomi Redmi A2 Plus"
        },
        {
            "model_name": "Xiaomi Redmi A2"
        },
        {
            "model_name": "Xiaomi Redmi Note 12 4G"
        },
        {
            "model_name": "Xiaomi 13 Pro"
        },
        {
            "model_name": "Xiaomi 13"
        },
        {
            "model_name": "Xiaomi 13 Lite"
        },
        {
            "model_name": "Xiaomi Poco C55"
        },
        {
            "model_name": "Xiaomi Poco X5 Pro"
        },
        {
            "model_name": "Xiaomi Poco X5"
        },
        {
            "model_name": "Xiaomi Redmi Note 12"
        },
        {
            "model_name": "Xiaomi Poco C50"
        },
        {
            "model_name": "Xiaomi Redmi Note 12 Pro Speed"
        },
        {
            "model_name": "Xiaomi Redmi K60 Pro"
        },
        {
            "model_name": "Xiaomi Redmi K60E"
        },
        {
            "model_name": "Xiaomi Redmi K60"
        },
        {
            "model_name": "Xiaomi Redmi Watch 3"
        },
        {
            "model_name": "Xiaomi Watch S2"
        },
        {
            "model_name": "Xiaomi Redmi 12C"
        },
        {
            "model_name": "Xiaomi Redmi Note 12 Discovery"
        },
        {
            "model_name": "Xiaomi Redmi Note 12 Pro Plus"
        },
        {
            "model_name": "Xiaomi Redmi Note 12 Pro"
        },
        {
            "model_name": "Xiaomi Redmi Note 12 (China)"
        },
        {
            "model_name": "Xiaomi 12T Pro"
        },
        {
            "model_name": "Xiaomi 12T"
        },
        {
            "model_name": "Xiaomi Redmi Pad"
        },
        {
            "model_name": "Xiaomi Redmi Note 11R"
        },
        {
            "model_name": "Xiaomi Redmi A1 Plus"
        },
        {
            "model_name": "Xiaomi Civi 2"
        },
        {
            "model_name": "Xiaomi Redmi 11 Prime"
        },
        {
            "model_name": "Xiaomi Redmi 11 Prime 5G"
        },
        {
            "model_name": "Xiaomi Redmi A1"
        },
        {
            "model_name": "Xiaomi Poco M5S"
        },
        {
            "model_name": "Xiaomi Poco M5"
        },
        {
            "model_name": "Xiaomi Poco M5 (India)"
        },
        {
            "model_name": "Xiaomi Redmi Note 11 Se (India)"
        },
        {
            "model_name": "Xiaomi Poco M4 5G"
        },
        {
            "model_name": "Xiaomi Watch S1 Pro"
        },
        {
            "model_name": "Xiaomi Redmi K50 Ultra"
        },
        {
            "model_name": "Xiaomi Mix Fold 2"
        },
        {
            "model_name": "Xiaomi Pad 5 Pro 12 4"
        },
        {
            "model_name": "Xiaomi Redmi K50I"
        },
        {
            "model_name": "Xiaomi 12 Lite"
        },
        {
            "model_name": "Xiaomi 12S Ultra"
        },
        {
            "model_name": "Xiaomi 12S Pro"
        },
        {
            "model_name": "Xiaomi 12S"
        },
        {
            "model_name": "Xiaomi 12 Pro (Dimensity)"
        },
        {
            "model_name": "Xiaomi Poco F4"
        },
        {
            "model_name": "Xiaomi Poco X4 Gt"
        },
        {
            "model_name": "Xiaomi Poco C40"
        },
        {
            "model_name": "Xiaomi Redmi Note 11T Pro Plus"
        },
        {
            "model_name": "Xiaomi Redmi Note 11T Pro"
        },
        {
            "model_name": "Xiaomi Redmi Note 11Se"
        },
        {
            "model_name": "Xiaomi Redmi 10 Prime 2022"
        },
        {
            "model_name": "Xiaomi Poco M4 5G (India)"
        },
        {
            "model_name": "Xiaomi Poco F4 Gt"
        },
        {
            "model_name": "Xiaomi Poco Watch"
        },
        {
            "model_name": "Xiaomi Civi 1S"
        },
        {
            "model_name": "Xiaomi Redmi 10 Power"
        },
        {
            "model_name": "Xiaomi Black Shark 5 Pro"
        },
        {
            "model_name": "Xiaomi Black Shark 5"
        },
        {
            "model_name": "Xiaomi Black Shark 5 Rs"
        },
        {
            "model_name": "Xiaomi Redmi 10A"
        },
        {
            "model_name": "Xiaomi Redmi Note 11S 5G"
        },
        {
            "model_name": "Xiaomi Redmi 10 5G"
        },
        {
            "model_name": "Xiaomi Redmi Note 11 Pro Plus 5G"
        },
        {
            "model_name": "Xiaomi Redmi K50 Pro"
        },
        {
            "model_name": "Xiaomi Redmi K50"
        },
        {
            "model_name": "Xiaomi Redmi K40S"
        },
        {
            "model_name": "Xiaomi 12 Pro"
        },
        {
            "model_name": "Xiaomi 12"
        },
        {
            "model_name": "Xiaomi 12X"
        },
        {
            "model_name": "Xiaomi Watch S1 Active"
        },
        {
            "model_name": "Xiaomi Redmi 10 (India)"
        },
        {
            "model_name": "Xiaomi Redmi 10C"
        },
        {
            "model_name": "Xiaomi Redmi Note 11 Pro Plus 5G (India)"
        },
        {
            "model_name": "Xiaomi Redmi Note 11E Pro"
        },
        {
            "model_name": "Xiaomi Redmi Note 11E"
        },
        {
            "model_name": "Xiaomi Poco X4 Pro 5G"
        },
        {
            "model_name": "Xiaomi Poco M4 Pro"
        },
        {
            "model_name": "Xiaomi Redmi K50 Gaming"
        },
        {
            "model_name": "Xiaomi Redmi 10 2022"
        },
        {
            "model_name": "Xiaomi Redmi Note 11 Pro 5G"
        },
        {
            "model_name": "Xiaomi Redmi Note 11 Pro"
        },
        {
            "model_name": "Xiaomi Redmi Note 11S"
        },
        {
            "model_name": "Xiaomi Redmi Note 11"
        },
        {
            "model_name": "Xiaomi 11I Hypercharge 5G"
        },
        {
            "model_name": "Xiaomi 11I"
        },
        {
            "model_name": "Xiaomi Watch S1"
        },
        {
            "model_name": "Xiaomi Redmi Note 11T 5G"
        },
        {
            "model_name": "Xiaomi Redmi Note 11 4G"
        },
        {
            "model_name": "Xiaomi Poco M4 Pro 5G"
        },
        {
            "model_name": "Xiaomi Redmi Note 11 Pro (China)"
        },
        {
            "model_name": "Xiaomi Redmi Note 11 (China)"
        },
        {
            "model_name": "Xiaomi Redmi Watch 2 Lite"
        },
        {
            "model_name": "Xiaomi Redmi Watch 2"
        },
        {
            "model_name": "Xiaomi Black Shark 4S Pro"
        },
        {
            "model_name": "Xiaomi Black Shark 4S"
        },
        {
            "model_name": "Xiaomi Redmi Note 10 Lite"
        },
        {
            "model_name": "Xiaomi Civi"
        },
        {
            "model_name": "Xiaomi Watch Color 2"
        },
        {
            "model_name": "Xiaomi Redmi 9I Sport"
        },
        {
            "model_name": "Xiaomi Redmi 9A Sport"
        },
        {
            "model_name": "Xiaomi Poco C31"
        },
        {
            "model_name": "Xiaomi Redmi 9 Activ"
        },
        {
            "model_name": "Xiaomi 11T Pro"
        },
        {
            "model_name": "Xiaomi 11T"
        },
        {
            "model_name": "Xiaomi 11 Lite 5G Ne"
        },
        {
            "model_name": "Xiaomi Redmi 10 Prime"
        },
        {
            "model_name": "Xiaomi Redmi 10"
        },
        {
            "model_name": "Xiaomi Pad 5 Pro"
        },
        {
            "model_name": "Xiaomi Pad 5"
        },
        {
            "model_name": "Xiaomi Mix 4"
        },
        {
            "model_name": "Xiaomi Poco X3 Gt"
        },
        {
            "model_name": "Xiaomi Poco F3 Gt"
        },
        {
            "model_name": "Xiaomi Redmi Note 10T 5G"
        },
        {
            "model_name": "Xiaomi Mi Watch Revolve Active"
        },
        {
            "model_name": "Xiaomi Redmi Note 10 Pro (China)"
        },
        {
            "model_name": "Xiaomi Redmi Note 8 2021"
        },
        {
            "model_name": "Xiaomi Poco M3 Pro 5G"
        },
        {
            "model_name": "Xiaomi Redmi K40 Gaming"
        },
        {
            "model_name": "Xiaomi Mi 11X Pro"
        },
        {
            "model_name": "Xiaomi Mi 11X"
        },
        {
            "model_name": "Xiaomi Poco M2 Reloaded"
        },
        {
            "model_name": "Xiaomi Mi Mix Fold"
        },
        {
            "model_name": "Xiaomi Mi 11 Ultra"
        },
        {
            "model_name": "Xiaomi Mi 11 Pro"
        },
        {
            "model_name": "Xiaomi Mi 11I"
        },
        {
            "model_name": "Xiaomi Mi 11 Lite 5G"
        },
        {
            "model_name": "Xiaomi Mi 11 Lite"
        },
        {
            "model_name": "Xiaomi Black Shark 4 Pro"
        },
        {
            "model_name": "Xiaomi Black Shark 4"
        },
        {
            "model_name": "Xiaomi Poco X3 Pro"
        },
        {
            "model_name": "Xiaomi Poco F3"
        },
        {
            "model_name": "Xiaomi Mi 10S"
        },
        {
            "model_name": "Xiaomi Redmi Note 10 Pro"
        },
        {
            "model_name": "Xiaomi Redmi Note 10 5G"
        },
        {
            "model_name": "Xiaomi Redmi Note 10S"
        },
        {
            "model_name": "Xiaomi Redmi Note 10"
        },
        {
            "model_name": "Xiaomi Redmi Note 10 Pro Max"
        },
        {
            "model_name": "Xiaomi Redmi Note 10 Pro (India)"
        },
        {
            "model_name": "Xiaomi Redmi K40 Pro Plus"
        },
        {
            "model_name": "Xiaomi Redmi K40 Pro"
        },
        {
            "model_name": "Xiaomi Redmi K40"
        },
        {
            "model_name": "Xiaomi Redmi Note 9T"
        },
        {
            "model_name": "Xiaomi Redmi 9T"
        },
        {
            "model_name": "Xiaomi Mi 10I 5G"
        },
        {
            "model_name": "Xiaomi Mi 11"
        },
        {
            "model_name": "Xiaomi Redmi 9 Power"
        },
        {
            "model_name": "Xiaomi Mi Watch Lite"
        },
        {
            "model_name": "Xiaomi Redmi Note 9 Pro 5G"
        },
        {
            "model_name": "Xiaomi Redmi Note 9 5G"
        },
        {
            "model_name": "Xiaomi Redmi Note 9 4G"
        },
        {
            "model_name": "Xiaomi Redmi Watch"
        },
        {
            "model_name": "Xiaomi Poco M3"
        },
        {
            "model_name": "Xiaomi Redmi K30S"
        },
        {
            "model_name": "Xiaomi Mi Watch Color Sports"
        },
        {
            "model_name": "Xiaomi Poco C3"
        },
        {
            "model_name": "Xiaomi Mi 10T Pro 5G"
        },
        {
            "model_name": "Xiaomi Mi 10T 5G"
        },
        {
            "model_name": "Xiaomi Mi 10T Lite 5G"
        },
        {
            "model_name": "Xiaomi Mi Watch"
        },
        {
            "model_name": "Xiaomi Mi Watch Revolve"
        },
        {
            "model_name": "Xiaomi Redmi 9At"
        },
        {
            "model_name": "Xiaomi Redmi 9I"
        },
        {
            "model_name": "Xiaomi Poco M2"
        },
        {
            "model_name": "Xiaomi Poco X3"
        },
        {
            "model_name": "Xiaomi Poco X3 Nfc"
        },
        {
            "model_name": "Xiaomi Redmi 9 (India)"
        },
        {
            "model_name": "Xiaomi Mi 10 Ultra"
        },
        {
            "model_name": "Xiaomi Redmi K30 Ultra"
        },
        {
            "model_name": "Xiaomi Redmi 9 Prime"
        },
        {
            "model_name": "Xiaomi Black Shark 3S"
        },
        {
            "model_name": "Xiaomi Poco M2 Pro"
        },
        {
            "model_name": "Xiaomi Redmi 9A"
        },
        {
            "model_name": "Xiaomi Redmi 9C Nfc"
        },
        {
            "model_name": "Xiaomi Redmi 9C"
        },
        {
            "model_name": "Xiaomi Redmi 9"
        },
        {
            "model_name": "Xiaomi Redmi 10X Pro 5G"
        },
        {
            "model_name": "Xiaomi Redmi 10X 5G"
        },
        {
            "model_name": "Xiaomi Redmi 10X 4G"
        },
        {
            "model_name": "Xiaomi Redmi K30I 5G"
        },
        {
            "model_name": "Xiaomi Poco F2 Pro"
        },
        {
            "model_name": "Xiaomi Redmi K30 5G Racing"
        },
        {
            "model_name": "Xiaomi Redmi Note 9 Pro"
        },
        {
            "model_name": "Xiaomi Redmi Note 9"
        },
        {
            "model_name": "Xiaomi Mi Note 10 Lite"
        },
        {
            "model_name": "Xiaomi Mi 10 Youth 5G"
        },
        {
            "model_name": "Xiaomi Mi 10 Lite 5G"
        },
        {
            "model_name": "Xiaomi Redmi K30 Pro Zoom"
        },
        {
            "model_name": "Xiaomi Redmi K30 Pro"
        },
        {
            "model_name": "Xiaomi Redmi Note 9S"
        },
        {
            "model_name": "Xiaomi Redmi Note 9 Pro Max"
        },
        {
            "model_name": "Xiaomi Redmi Note 9 Pro (India)"
        },
        {
            "model_name": "Xiaomi Black Shark 3 Pro"
        },
        {
            "model_name": "Xiaomi Black Shark 3"
        },
        {
            "model_name": "Xiaomi Mi 10 Pro 5G"
        },
        {
            "model_name": "Xiaomi Mi 10 5G"
        },
        {
            "model_name": "Xiaomi Redmi 8A Pro"
        },
        {
            "model_name": "Xiaomi Redmi 8A Dual"
        },
        {
            "model_name": "Xiaomi Poco X2"
        },
        {
            "model_name": "Xiaomi Redmi K30"
        },
        {
            "model_name": "Xiaomi Redmi K30 5G"
        },
        {
            "model_name": "Xiaomi Redmi Note 8T"
        },
        {
            "model_name": "Xiaomi Mi Note 10 Pro"
        },
        {
            "model_name": "Xiaomi Mi Note 10"
        },
        {
            "model_name": "Xiaomi Mi Cc9 Pro"
        },
        {
            "model_name": "Xiaomi Watch Color"
        },
        {
            "model_name": "Xiaomi Mi Watch (China)"
        },
        {
            "model_name": "Xiaomi Redmi 8"
        },
        {
            "model_name": "Xiaomi Redmi 8A"
        },
        {
            "model_name": "Xiaomi Mi Mix Alpha"
        },
        {
            "model_name": "Xiaomi Mi 9 Pro 5G"
        },
        {
            "model_name": "Xiaomi Mi 9 Pro"
        },
        {
            "model_name": "Xiaomi Redmi K20 Pro Premium"
        },
        {
            "model_name": "Xiaomi Mi 9 Lite"
        },
        {
            "model_name": "Xiaomi Redmi Note 8 Pro"
        },
        {
            "model_name": "Xiaomi Black Shark 2 Pro"
        },
        {
            "model_name": "Xiaomi Mi A3"
        },
        {
            "model_name": "Xiaomi Redmi 7A"
        },
        {
            "model_name": "Xiaomi Mi Cc9E"
        },
        {
            "model_name": "Xiaomi Mi Cc9"
        },
        {
            "model_name": "Xiaomi Redmi Note 8"
        },
        {
            "model_name": "Xiaomi Mi 9T Pro"
        },
        {
            "model_name": "Xiaomi Mi 9T"
        },
        {
            "model_name": "Xiaomi Redmi K20"
        },
        {
            "model_name": "Xiaomi Redmi K20 Pro"
        },
        {
            "model_name": "Xiaomi Redmi Note 7S"
        },
        {
            "model_name": "Xiaomi Redmi Y3"
        },
        {
            "model_name": "Xiaomi Black Shark 2"
        },
        {
            "model_name": "Xiaomi Redmi 7"
        },
        {
            "model_name": "Xiaomi Redmi Note 7 Pro"
        },
        {
            "model_name": "Xiaomi Mi Mix 3 5G"
        },
        {
            "model_name": "Xiaomi Mi 9 Explorer"
        },
        {
            "model_name": "Xiaomi Mi 9 Se"
        },
        {
            "model_name": "Xiaomi Mi 9"
        },
        {
            "model_name": "Xiaomi Redmi Go"
        },
        {
            "model_name": "Xiaomi Redmi Note 7"
        },
        {
            "model_name": "Xiaomi Mi Play"
        },
        {
            "model_name": "Xiaomi Black Shark Helo"
        },
        {
            "model_name": "Xiaomi Mi Mix 3"
        },
        {
            "model_name": "Xiaomi Redmi Note 6 Pro"
        },
        {
            "model_name": "Xiaomi Mi 8 Pro"
        },
        {
            "model_name": "Xiaomi Mi 8 Lite"
        },
        {
            "model_name": "Xiaomi Pocophone F1"
        },
        {
            "model_name": "Xiaomi Mi A2 (Mi 6X)"
        },
        {
            "model_name": "Xiaomi Mi A2 Lite (Redmi 6 Pro)"
        },
        {
            "model_name": "Xiaomi Mi Max 3"
        },
        {
            "model_name": "Xiaomi Mi Pad 4 Plus"
        },
        {
            "model_name": "Xiaomi Mi Pad 4"
        },
        {
            "model_name": "Xiaomi Redmi 6"
        },
        {
            "model_name": "Xiaomi Redmi 6A"
        },
        {
            "model_name": "Xiaomi Mi 8 Explorer"
        },
        {
            "model_name": "Xiaomi Mi 8"
        },
        {
            "model_name": "Xiaomi Mi 8 Se"
        },
        {
            "model_name": "Xiaomi Redmi S2 (Redmi Y2)"
        },
        {
            "model_name": "Xiaomi Mi Mix 2S"
        },
        {
            "model_name": "Xiaomi Redmi Note 5 Ai Dual Camera"
        },
        {
            "model_name": "Xiaomi Redmi Note 5 Pro"
        },
        {
            "model_name": "Xiaomi Black Shark"
        },
        {
            "model_name": "Xiaomi Redmi 5 Plus (Redmi Note 5)"
        },
        {
            "model_name": "Xiaomi Redmi 5"
        },
        {
            "model_name": "Xiaomi Redmi 5A"
        },
        {
            "model_name": "Xiaomi Redmi Y1 (Note 5A)"
        },
        {
            "model_name": "Xiaomi Redmi Y1 Lite"
        },
        {
            "model_name": "Xiaomi Mi Note 3"
        },
        {
            "model_name": "Xiaomi Mi Mix 2"
        },
        {
            "model_name": "Xiaomi Mi A1 (Mi 5X)"
        },
        {
            "model_name": "Xiaomi Mi Max 2"
        },
        {
            "model_name": "Xiaomi Redmi 4 (4X)"
        },
        {
            "model_name": "Xiaomi Mi 6"
        },
        {
            "model_name": "Xiaomi Mi Pad 3"
        },
        {
            "model_name": "Xiaomi Mi 5C"
        },
        {
            "model_name": "Xiaomi Redmi Note 4X"
        },
        {
            "model_name": "Xiaomi Redmi Note 4"
        },
        {
            "model_name": "Xiaomi Redmi 4A"
        },
        {
            "model_name": "Xiaomi Redmi 4 (China)"
        },
        {
            "model_name": "Xiaomi Mi 6 Plus"
        },
        {
            "model_name": "Xiaomi Redmi 4 Prime"
        },
        {
            "model_name": "Xiaomi Mi Mix"
        },
        {
            "model_name": "Xiaomi Mi Note 2"
        },
        {
            "model_name": "Xiaomi Mi 5S Plus"
        },
        {
            "model_name": "Xiaomi Mi 5S"
        },
        {
            "model_name": "Xiaomi Redmi Note 4 (Mediatek)"
        },
        {
            "model_name": "Xiaomi Redmi Pro"
        },
        {
            "model_name": "Xiaomi Redmi 3X"
        },
        {
            "model_name": "Xiaomi Redmi 3S Prime"
        },
        {
            "model_name": "Xiaomi Redmi 3S"
        },
        {
            "model_name": "Xiaomi Redmi 3 Pro"
        },
        {
            "model_name": "Xiaomi Mi Max"
        },
        {
            "model_name": "Xiaomi Mi 5"
        },
        {
            "model_name": "Xiaomi Mi 4S"
        },
        {
            "model_name": "Xiaomi Redmi Note 3"
        },
        {
            "model_name": "Xiaomi Redmi 3"
        },
        {
            "model_name": "Xiaomi Redmi Note Prime"
        },
        {
            "model_name": "Xiaomi Mi Pad 2"
        },
        {
            "model_name": "Xiaomi Redmi Note 3 (Mediatek)"
        },
        {
            "model_name": "Xiaomi Mi 4C"
        },
        {
            "model_name": "Xiaomi Redmi Note 2"
        },
        {
            "model_name": "Xiaomi Redmi 2 Pro"
        },
        {
            "model_name": "Xiaomi Redmi 2 Prime"
        },
        {
            "model_name": "Xiaomi Mi 4I"
        },
        {
            "model_name": "Xiaomi Mi Note Pro"
        },
        {
            "model_name": "Xiaomi Mi Note"
        },
        {
            "model_name": "Xiaomi Redmi 2A"
        },
        {
            "model_name": "Xiaomi Redmi 2"
        },
        {
            "model_name": "Xiaomi Mi 4 Lte"
        },
        {
            "model_name": "Xiaomi Redmi Note 4G"
        },
        {
            "model_name": "Xiaomi Mi 4"
        },
        {
            "model_name": "Xiaomi Mi Pad 7 9"
        },
        {
            "model_name": "Xiaomi Redmi Note"
        },
        {
            "model_name": "Xiaomi Mi 3"
        },
        {
            "model_name": "Xiaomi Redmi 1S"
        },
        {
            "model_name": "Xiaomi Redmi"
        },
        {
            "model_name": "Xiaomi Mi 2A"
        },
        {
            "model_name": "Xiaomi Mi 2S"
        },
        {
            "model_name": "Xiaomi Mi 2"
        },
        {
            "model_name": "Xiaomi Mi 1S"
        },
        {
            "model_name": "Xiaomi 12 Lite Ne"
        },
        {
            "model_name": "Xiaomi Redmi 11"
        },
        {
            "model_name": "Xiaomi Redmi 10 Prime Plus 5G"
        },
        {
            "model_name": "Xiaomi Poco X4 Nfc"
        },
        {
            "model_name": "Xiaomi Poco M3 Pro"
        },
        {
            "model_name": "Xiaomi Redmi 20X"
        },
        {
            "model_name": "Xiaomi Redmi 11A"
        },
        {
            "model_name": "Xiaomi Mi 10 Lite Zoom"
        }
    ]
}