{
    "brand": "Zte",
    "models": [
        {
            "model_name": "Zte Nubia Red Magic Nova"
        },
        {
            "model_name": "Zte Nubia Z60S Pro"
        },
        {
            "model_name": "Zte Nubia Z60 Ultra Leading"
        },
        {
            "model_name": "Zte Nubia Red Magic 9S Pro Plus"
        },
        {
            "model_name": "Zte Nubia Red Magic 9S Pro"
        },
        {
            "model_name": "Zte Voyage 3D"
        },
        {
            "model_name": "Zte Axon 60"
        },
        {
            "model_name": "Zte Axon 60 Lite"
        },
        {
            "model_name": "Zte Axon 60 Ultra"
        },
        {
            "model_name": "Zte Nubia Focus Pro"
        },
        {
            "model_name": "Zte Nubia Focus"
        },
        {
            "model_name": "Zte Nubia Neo 2"
        },
        {
            "model_name": "Zte Nubia Music"
        },
        {
            "model_name": "Zte Nubia Pad 3D Ii"
        },
        {
            "model_name": "Zte Nubia Flip"
        },
        {
            "model_name": "Zte Nubia Z60 Ultra"
        },
        {
            "model_name": "Zte Nubia Red Magic 9 Pro Plus"
        },
        {
            "model_name": "Zte Nubia Red Magic 9 Pro"
        },
        {
            "model_name": "Zte Blade V50 Design 4G"
        },
        {
            "model_name": "Zte Blade V50 Vita"
        },
        {
            "model_name": "Zte Blade V50"
        },
        {
            "model_name": "Zte Blade V50 Design"
        },
        {
            "model_name": "Zte Blade A54"
        },
        {
            "model_name": "Zte Blade A73"
        },
        {
            "model_name": "Zte Blade A73 5G"
        },
        {
            "model_name": "Zte Nubia Neo"
        },
        {
            "model_name": "Zte Nubia Z50S Pro"
        },
        {
            "model_name": "Zte Nubia Red Magic Tablet"
        },
        {
            "model_name": "Zte Nubia Red Magic 8S Pro Plus"
        },
        {
            "model_name": "Zte Nubia Red Magic 8S Pro"
        },
        {
            "model_name": "Zte Blade A72S"
        },
        {
            "model_name": "Zte V70"
        },
        {
            "model_name": "Zte Axon 50 Ultra"
        },
        {
            "model_name": "Zte Axon Pad"
        },
        {
            "model_name": "Zte Nubia Z50 Ultra"
        },
        {
            "model_name": "Zte Nubia Pad 3D"
        },
        {
            "model_name": "Zte Blade V40"
        },
        {
            "model_name": "Zte Blade V40 Design"
        },
        {
            "model_name": "Zte Nubia Red Magic 8 Pro Plus"
        },
        {
            "model_name": "Zte Nubia Red Magic 8 Pro"
        },
        {
            "model_name": "Zte Nubia Z50"
        },
        {
            "model_name": "Zte Blade V41 Vita"
        },
        {
            "model_name": "Zte Voyage 40 Pro Plus"
        },
        {
            "model_name": "Zte Axon 40 Ultra Space Edition"
        },
        {
            "model_name": "Zte Axon 40 Se"
        },
        {
            "model_name": "Zte Blade V40S"
        },
        {
            "model_name": "Zte Axon 30S"
        },
        {
            "model_name": "Zte Nubia Z40S Pro"
        },
        {
            "model_name": "Zte Nubia Red Magic 7S Pro"
        },
        {
            "model_name": "Zte Nubia Red Magic 7S"
        },
        {
            "model_name": "Zte Blade V40 Pro"
        },
        {
            "model_name": "Zte Blade A72 5G"
        },
        {
            "model_name": "Zte Blade A72"
        },
        {
            "model_name": "Zte Blade A52 Lite"
        },
        {
            "model_name": "Zte Blade A52"
        },
        {
            "model_name": "Zte Axon 40 Pro"
        },
        {
            "model_name": "Zte Axon 40 Ultra"
        },
        {
            "model_name": "Zte Nubia Z40 Pro"
        },
        {
            "model_name": "Zte Blade V40 Vita"
        },
        {
            "model_name": "Zte Nubia Red Magic 7 Pro"
        },
        {
            "model_name": "Zte Nubia Red Magic 7"
        },
        {
            "model_name": "Zte Blade A3 Plus"
        },
        {
            "model_name": "Zte Blade A7P"
        },
        {
            "model_name": "Zte Voyage 20 Pro"
        },
        {
            "model_name": "Zte Avid 589"
        },
        {
            "model_name": "Zte Blade A71"
        },
        {
            "model_name": "Zte Blade A31 Plus"
        },
        {
            "model_name": "Zte Blade A31"
        },
        {
            "model_name": "Zte Blade A31 Lite"
        },
        {
            "model_name": "Zte Blade A51"
        },
        {
            "model_name": "Zte Blade L9"
        },
        {
            "model_name": "Zte Nubia Red Magic 6S Pro"
        },
        {
            "model_name": "Zte Nubia Red Magic 6S"
        },
        {
            "model_name": "Zte Axon 30 5G"
        },
        {
            "model_name": "Zte Blade V30 Vita"
        },
        {
            "model_name": "Zte Blade V30"
        },
        {
            "model_name": "Zte Nubia Red Magic 6R"
        },
        {
            "model_name": "Zte Nubia Z30 Pro"
        },
        {
            "model_name": "Zte Blade 11 Prime"
        },
        {
            "model_name": "Zte Axon 30 Ultra 5G"
        },
        {
            "model_name": "Zte Axon 30 Pro 5G"
        },
        {
            "model_name": "Zte S30 Pro"
        },
        {
            "model_name": "Zte S30"
        },
        {
            "model_name": "Zte S30 Se"
        },
        {
            "model_name": "Zte Nubia Red Magic 6 Pro"
        },
        {
            "model_name": "Zte Nubia Red Magic 6"
        },
        {
            "model_name": "Zte Watch Gt"
        },
        {
            "model_name": "Zte Red Magic Watch"
        },
        {
            "model_name": "Zte Link Ii"
        },
        {
            "model_name": "Zte Blade X1 5G"
        },
        {
            "model_name": "Zte Blade 20 Pro 5G"
        },
        {
            "model_name": "Zte Cymbal U"
        },
        {
            "model_name": "Zte Blade V2020 5G"
        },
        {
            "model_name": "Zte Watch Live"
        },
        {
            "model_name": "Zte Blade A7S 2020"
        },
        {
            "model_name": "Zte Blade 20 5G"
        },
        {
            "model_name": "Zte Blade A3Y"
        },
        {
            "model_name": "Zte Blade A5 2020"
        },
        {
            "model_name": "Zte Axon 20 5G Extreme"
        },
        {
            "model_name": "Zte Axon 20 5G"
        },
        {
            "model_name": "Zte Axon 20 4G"
        },
        {
            "model_name": "Zte Quest 5"
        },
        {
            "model_name": "Zte Gabb Z2"
        },
        {
            "model_name": "Zte Nubia Watch"
        },
        {
            "model_name": "Zte Nubia Red Magic 5S"
        },
        {
            "model_name": "Zte Avid 579"
        },
        {
            "model_name": "Zte Nubia Red Magic 5G Lite"
        },
        {
            "model_name": "Zte Axon 11 Se 5G"
        },
        {
            "model_name": "Zte Blade A3 Joy"
        },
        {
            "model_name": "Zte Blade A3 Prime"
        },
        {
            "model_name": "Zte Nubia Play"
        },
        {
            "model_name": "Zte Axon 11 4G"
        },
        {
            "model_name": "Zte Axon 11 5G"
        },
        {
            "model_name": "Zte Nubia Red Magic 5G"
        },
        {
            "model_name": "Zte Axon 10S Pro 5G"
        },
        {
            "model_name": "Zte Cymbal 2"
        },
        {
            "model_name": "Zte Blade Max View"
        },
        {
            "model_name": "Zte Blade A7 Prime"
        },
        {
            "model_name": "Zte Blade 10 Prime"
        },
        {
            "model_name": "Zte Blade Vantage 2"
        },
        {
            "model_name": "Zte Blade 20"
        },
        {
            "model_name": "Zte Nubia Red Magic 3S"
        },
        {
            "model_name": "Zte Nubia Z20"
        },
        {
            "model_name": "Zte Blade A5 (2019)"
        },
        {
            "model_name": "Zte Blade A3 (2019)"
        },
        {
            "model_name": "Zte Blade L8"
        },
        {
            "model_name": "Zte Nubia Red Magic 3"
        },
        {
            "model_name": "Zte Avid 559"
        },
        {
            "model_name": "Zte Nubia Alpha"
        },
        {
            "model_name": "Zte Axon 10 Pro 5G"
        },
        {
            "model_name": "Zte Axon 10 Pro"
        },
        {
            "model_name": "Zte Blade V10"
        },
        {
            "model_name": "Zte Blade V10 Vita"
        },
        {
            "model_name": "Zte Nubia Red Magic Mars"
        },
        {
            "model_name": "Zte Nubia X"
        },
        {
            "model_name": "Zte Nubia Z18"
        },
        {
            "model_name": "Zte Axon 9 Pro"
        },
        {
            "model_name": "Zte Nubia Red Magic"
        },
        {
            "model_name": "Zte Blade A7 Vita"
        },
        {
            "model_name": "Zte Blade A7"
        },
        {
            "model_name": "Zte Nubia Z18 Mini"
        },
        {
            "model_name": "Zte Nubia V18"
        },
        {
            "model_name": "Zte Nubia N3"
        },
        {
            "model_name": "Zte Blade V9 Vita"
        },
        {
            "model_name": "Zte Blade V9"
        },
        {
            "model_name": "Zte Tempo Go"
        },
        {
            "model_name": "Zte Blade A3"
        },
        {
            "model_name": "Zte Blade A6"
        },
        {
            "model_name": "Zte Maven 2"
        },
        {
            "model_name": "Zte Blade X"
        },
        {
            "model_name": "Zte Axon M"
        },
        {
            "model_name": "Zte Nubia Z17S"
        },
        {
            "model_name": "Zte Nubia Z17 Minis"
        },
        {
            "model_name": "Zte Nubia Z17 Lite"
        },
        {
            "model_name": "Zte Blade Z Max"
        },
        {
            "model_name": "Zte Blade Force"
        },
        {
            "model_name": "Zte Tempo X"
        },
        {
            "model_name": "Zte Blade A601"
        },
        {
            "model_name": "Zte Grand X View 2"
        },
        {
            "model_name": "Zte Blade V7 Plus"
        },
        {
            "model_name": "Zte Quartz"
        },
        {
            "model_name": "Zte Nubia N2"
        },
        {
            "model_name": "Zte Nubia M2"
        },
        {
            "model_name": "Zte Nubia M2 Lite"
        },
        {
            "model_name": "Zte Nubia M2 Play"
        },
        {
            "model_name": "Zte Nubia Z17"
        },
        {
            "model_name": "Zte Axon 7S"
        },
        {
            "model_name": "Zte Max Xl"
        },
        {
            "model_name": "Zte Nubia Z17 Mini"
        },
        {
            "model_name": "Zte Blade A520"
        },
        {
            "model_name": "Zte Nubia N1 Lite"
        },
        {
            "model_name": "Zte Blade V8 Mini"
        },
        {
            "model_name": "Zte Blade V8 Lite"
        },
        {
            "model_name": "Zte Blade A2 Plus"
        },
        {
            "model_name": "Zte Hawkeye"
        },
        {
            "model_name": "Zte Blade V8 Pro"
        },
        {
            "model_name": "Zte Blade V8"
        },
        {
            "model_name": "Zte Axon 7 Max"
        },
        {
            "model_name": "Zte Grand X4"
        },
        {
            "model_name": "Zte Blade V7 Max"
        },
        {
            "model_name": "Zte Nubia Z11 Mini S"
        },
        {
            "model_name": "Zte Axon 7 Mini"
        },
        {
            "model_name": "Zte Warp 7"
        },
        {
            "model_name": "Zte Zmax Pro"
        },
        {
            "model_name": "Zte Nubia N1"
        },
        {
            "model_name": "Zte Nubia Z11 Max"
        },
        {
            "model_name": "Zte Axon 7"
        },
        {
            "model_name": "Zte Nubia Z11"
        },
        {
            "model_name": "Zte Blade L110 (A110)"
        },
        {
            "model_name": "Zte Grand X Max 2"
        },
        {
            "model_name": "Zte Nubia Z11 Mini"
        },
        {
            "model_name": "Zte Blade L5 Plus"
        },
        {
            "model_name": "Zte Blade V Plus"
        },
        {
            "model_name": "Zte Blade A610"
        },
        {
            "model_name": "Zte Blade A512"
        },
        {
            "model_name": "Zte Blade A452"
        },
        {
            "model_name": "Zte Blade V7"
        },
        {
            "model_name": "Zte Blade A910"
        },
        {
            "model_name": "Zte Blade A2"
        },
        {
            "model_name": "Zte Blade V7 Lite"
        },
        {
            "model_name": "Zte Axon Max"
        },
        {
            "model_name": "Zte Nubia Prague S"
        },
        {
            "model_name": "Zte Grand X 3"
        },
        {
            "model_name": "Zte Avid Plus"
        },
        {
            "model_name": "Zte Blade X9"
        },
        {
            "model_name": "Zte Blade X5"
        },
        {
            "model_name": "Zte Blade X3"
        },
        {
            "model_name": "Zte Axon Watch"
        },
        {
            "model_name": "Zte Axon"
        },
        {
            "model_name": "Zte Blade S7"
        },
        {
            "model_name": "Zte Axon Mini"
        },
        {
            "model_name": "Zte Zmax 2"
        },
        {
            "model_name": "Zte Axon Elite"
        },
        {
            "model_name": "Zte Nubia My Prague"
        },
        {
            "model_name": "Zte Axon Lux"
        },
        {
            "model_name": "Zte Boost Max Plus"
        },
        {
            "model_name": "Zte Blade A460"
        },
        {
            "model_name": "Zte Blade D6"
        },
        {
            "model_name": "Zte Axon Pro"
        },
        {
            "model_name": "Zte Blade A410"
        },
        {
            "model_name": "Zte Obsidian"
        },
        {
            "model_name": "Zte Grand X2"
        },
        {
            "model_name": "Zte Sonata 2"
        },
        {
            "model_name": "Zte Blade Apex 3"
        },
        {
            "model_name": "Zte Maven"
        },
        {
            "model_name": "Zte Blade Q Pro"
        },
        {
            "model_name": "Zte Blade Qlux 4G"
        },
        {
            "model_name": "Zte Nubia Z9"
        },
        {
            "model_name": "Zte Blade S6 Plus"
        },
        {
            "model_name": "Zte Nubia Z9 Max"
        },
        {
            "model_name": "Zte Nubia Z9 Mini"
        },
        {
            "model_name": "Zte Open L"
        },
        {
            "model_name": "Zte Grand S3"
        },
        {
            "model_name": "Zte Blade L3 Plus"
        },
        {
            "model_name": "Zte Blade L3"
        },
        {
            "model_name": "Zte Blade G Lux"
        },
        {
            "model_name": "Zte Blade G"
        },
        {
            "model_name": "Zte V5 Lux"
        },
        {
            "model_name": "Zte Blade S6"
        },
        {
            "model_name": "Zte Imperial Ii"
        },
        {
            "model_name": "Zte Grand X Max Plus"
        },
        {
            "model_name": "Zte Star 2"
        },
        {
            "model_name": "Zte Grand X Plus Z826"
        },
        {
            "model_name": "Zte Speed"
        },
        {
            "model_name": "Zte Grand S Ii"
        },
        {
            "model_name": "Zte Grand S Pro"
        },
        {
            "model_name": "Zte Zinger"
        },
        {
            "model_name": "Zte Grand Xmax"
        },
        {
            "model_name": "Zte Zmax"
        },
        {
            "model_name": "Zte Blade Vec 4G"
        },
        {
            "model_name": "Zte Blade Vec 3G"
        },
        {
            "model_name": "Zte Kis 3 Max"
        },
        {
            "model_name": "Zte Nubia Z5S Mini Nx405H"
        },
        {
            "model_name": "Zte Nubia Z7"
        },
        {
            "model_name": "Zte Nubia Z7 Max"
        },
        {
            "model_name": "Zte Nubia Z7 Mini"
        },
        {
            "model_name": "Zte Blade L2"
        },
        {
            "model_name": "Zte Kis 3"
        },
        {
            "model_name": "Zte Blade G2"
        },
        {
            "model_name": "Zte Redbull V5 V9180"
        },
        {
            "model_name": "Zte Star 1"
        },
        {
            "model_name": "Zte Nubia X6"
        },
        {
            "model_name": "Zte Grand Memo Ii Lte"
        },
        {
            "model_name": "Zte Open C"
        },
        {
            "model_name": "Zte Open Ii"
        },
        {
            "model_name": "Zte Iconic Phablet"
        },
        {
            "model_name": "Zte Sonata 4G"
        },
        {
            "model_name": "Zte Grand S Ii S291"
        },
        {
            "model_name": "Zte Nubia Z5S"
        },
        {
            "model_name": "Zte Nubia Z5S Mini Nx403A"
        },
        {
            "model_name": "Zte Grand S Flex"
        },
        {
            "model_name": "Zte Blade Q Maxi"
        },
        {
            "model_name": "Zte Blade Q"
        },
        {
            "model_name": "Zte Blade Q Mini"
        },
        {
            "model_name": "Zte Warp 4G"
        },
        {
            "model_name": "Zte Blade V"
        },
        {
            "model_name": "Zte Blade G V880G"
        },
        {
            "model_name": "Zte Reef"
        },
        {
            "model_name": "Zte Imperial"
        },
        {
            "model_name": "Zte Vital N9810"
        },
        {
            "model_name": "Zte Grand X Pro"
        },
        {
            "model_name": "Zte Grand X2 In"
        },
        {
            "model_name": "Zte Grand X Quad V987"
        },
        {
            "model_name": "Zte Blade Iii Pro"
        },
        {
            "model_name": "Zte Geek V975"
        },
        {
            "model_name": "Zte Grand Memo V9815"
        },
        {
            "model_name": "Zte Open"
        },
        {
            "model_name": "Zte Blade C V807"
        },
        {
            "model_name": "Zte Director"
        },
        {
            "model_name": "Zte V81"
        },
        {
            "model_name": "Zte Grand S"
        },
        {
            "model_name": "Zte Avid 4G"
        },
        {
            "model_name": "Zte V889M"
        },
        {
            "model_name": "Zte V887"
        },
        {
            "model_name": "Zte Kis Iii V790"
        },
        {
            "model_name": "Zte Groove X501"
        },
        {
            "model_name": "Zte Nubia Z5"
        },
        {
            "model_name": "Zte Flash"
        },
        {
            "model_name": "Zte Anthem 4G"
        },
        {
            "model_name": "Zte Warp Sequent"
        },
        {
            "model_name": "Zte Grand Era U895"
        },
        {
            "model_name": "Zte Blade Iii"
        },
        {
            "model_name": "Zte Grand X In"
        },
        {
            "model_name": "Zte N880E"
        },
        {
            "model_name": "Zte Grand X Lte T82"
        },
        {
            "model_name": "Zte Grand X V970"
        },
        {
            "model_name": "Zte U880E"
        },
        {
            "model_name": "Zte Score M"
        },
        {
            "model_name": "Zte Light Tab 300"
        },
        {
            "model_name": "Zte V96"
        },
        {
            "model_name": "Zte Pf 100"
        },
        {
            "model_name": "Zte T98"
        },
        {
            "model_name": "Zte Light Tab 3 V9S"
        },
        {
            "model_name": "Zte Era"
        },
        {
            "model_name": "Zte Pf112 Hd"
        },
        {
            "model_name": "Zte Skate Acqua"
        },
        {
            "model_name": "Zte Orbit"
        },
        {
            "model_name": "Zte Kis V788"
        },
        {
            "model_name": "Zte V880E"
        },
        {
            "model_name": "Zte Nova 3 5"
        },
        {
            "model_name": "Zte Nova 4 V8000"
        },
        {
            "model_name": "Zte Nova Messenger"
        },
        {
            "model_name": "Zte Style Q"
        },
        {
            "model_name": "Zte Style Messanger"
        },
        {
            "model_name": "Zte V875"
        },
        {
            "model_name": "Zte Blade Ii V880 Plus"
        },
        {
            "model_name": "Zte N910"
        },
        {
            "model_name": "Zte Pf200"
        },
        {
            "model_name": "Zte Optik"
        },
        {
            "model_name": "Zte Light Tab 2 V9A"
        },
        {
            "model_name": "Zte Light Tab V9C"
        },
        {
            "model_name": "Zte Ftv Phone"
        },
        {
            "model_name": "Zte Chorus"
        },
        {
            "model_name": "Zte Memo"
        },
        {
            "model_name": "Zte Tania"
        },
        {
            "model_name": "Zte Warp"
        },
        {
            "model_name": "Zte Score"
        },
        {
            "model_name": "Zte Avail"
        },
        {
            "model_name": "Zte V9 Plus"
        },
        {
            "model_name": "Zte V9"
        },
        {
            "model_name": "Zte N721"
        },
        {
            "model_name": "Zte Skate"
        },
        {
            "model_name": "Zte V821"
        },
        {
            "model_name": "Zte Amigo"
        },
        {
            "model_name": "Zte Racer Ii"
        },
        {
            "model_name": "Zte U900"
        },
        {
            "model_name": "Zte Libra"
        },
        {
            "model_name": "Zte Rio"
        },
        {
            "model_name": "Zte Blade"
        },
        {
            "model_name": "Zte Sage"
        },
        {
            "model_name": "Zte X990D"
        },
        {
            "model_name": "Zte N290"
        },
        {
            "model_name": "Zte N280"
        },
        {
            "model_name": "Zte R230"
        },
        {
            "model_name": "Zte R228 Dual Sim"
        },
        {
            "model_name": "Zte R228"
        },
        {
            "model_name": "Zte R221"
        },
        {
            "model_name": "Zte R220"
        },
        {
            "model_name": "Zte S213"
        },
        {
            "model_name": "Zte Salute F350"
        },
        {
            "model_name": "Zte F107"
        },
        {
            "model_name": "Zte E N72"
        },
        {
            "model_name": "Zte Racer"
        },
        {
            "model_name": "Zte F951"
        },
        {
            "model_name": "Zte X990"
        },
        {
            "model_name": "Zte Bingo"
        },
        {
            "model_name": "Zte X760"
        },
        {
            "model_name": "Zte E811"
        },
        {
            "model_name": "Zte Raise"
        },
        {
            "model_name": "Zte Xiang"
        },
        {
            "model_name": "Zte S302"
        },
        {
            "model_name": "Zte A261"
        },
        {
            "model_name": "Zte F233"
        },
        {
            "model_name": "Zte F912"
        },
        {
            "model_name": "Zte F952"
        },
        {
            "model_name": "Zte F928"
        },
        {
            "model_name": "Zte F870"
        },
        {
            "model_name": "Zte F600"
        },
        {
            "model_name": "Zte F103"
        },
        {
            "model_name": "Zte F101"
        },
        {
            "model_name": "Zte F100"
        },
        {
            "model_name": "Zte Coral200 Sollar"
        },
        {
            "model_name": "Zte Blade V20"
        },
        {
            "model_name": "Zte Nubia X 5G"
        }
    ]
}